id,customer_id,score,risk_band,action,rationale,priority,owner,due_date,status,model_version,playbook_version,created_at,contacted_at
1,8161-QYMTT,0.7939388390260419,High,Billing support,Electronic-check payment and monthly charges of at least 80; offer a bill walkthrough without implying a payment problem.,1,Billing care,2026-09-22,Assigned,model-827401d81ec6,playbook-1.0,2026-09-19T22:28:21.978322+00:00,
2,2545-EBUPK,0.771938974420379,High,Onboarding assistance,Early-tenure customer; offer setup guidance and check service fit.,1,Customer success,2026-09-22,New,model-827401d81ec6,playbook-1.0,2026-09-19T22:28:21.978322+00:00,
3,4927-WWOOZ,0.766134644241697,High,Onboarding assistance,Early-tenure customer; offer setup guidance and check service fit.,1,Customer success,2026-09-22,New,model-827401d81ec6,playbook-1.0,2026-09-19T22:28:21.978322+00:00,
4,6630-UJZMY,0.7660417045759872,High,Onboarding assistance,Early-tenure customer; offer setup guidance and check service fit.,1,Customer success,2026-09-22,New,model-827401d81ec6,playbook-1.0,2026-09-19T22:28:21.978322+00:00,
5,8739-XNIKG,0.7618318244044032,High,Onboarding assistance,Early-tenure customer; offer setup guidance and check service fit.,1,Customer success,2026-09-22,New,model-827401d81ec6,playbook-1.0,2026-09-19T22:28:21.978322+00:00,
6,3320-VEOYC,0.7582575645369704,High,Billing support,Electronic-check payment and monthly charges of at least 80; offer a bill walkthrough without implying a payment problem.,1,Billing care,2026-09-22,New,model-827401d81ec6,playbook-1.0,2026-09-19T22:28:21.978322+00:00,
7,4115-NZRKS,0.7420979750203074,High,Billing support,Electronic-check payment and monthly charges of at least 80; offer a bill walkthrough without implying a payment problem.,1,Billing care,2026-09-22,New,model-827401d81ec6,playbook-1.0,2026-09-19T22:28:21.978322+00:00,
8,6969-MVBAI,0.7327441819522894,High,Billing support,Electronic-check payment and monthly charges of at least 80; offer a bill walkthrough without implying a payment problem.,1,Billing care,2026-09-22,New,model-827401d81ec6,playbook-1.0,2026-09-19T22:28:21.978322+00:00,
9,2985-FMWYF,0.7254810362274204,High,Billing support,Electronic-check payment and monthly charges of at least 80; offer a bill walkthrough without implying a payment problem.,1,Billing care,2026-09-22,New,model-827401d81ec6,playbook-1.0,2026-09-19T22:28:21.978322+00:00,
10,5382-SOYZL,0.7254588393294408,High,Billing support,Electronic-check payment and monthly charges of at least 80; offer a bill walkthrough without implying a payment problem.,1,Billing care,2026-09-22,New,model-827401d81ec6,playbook-1.0,2026-09-19T22:28:21.978322+00:00,
11,4090-KPJIP,0.724069921382914,High,Onboarding assistance,Early-tenure customer; offer setup guidance and check service fit.,1,Customer success,2026-09-22,New,model-827401d81ec6,playbook-1.0,2026-09-19T22:28:21.978322+00:00,
12,8622-ZLFKO,0.7203170672508646,High,Onboarding assistance,Early-tenure customer; offer setup guidance and check service fit.,1,Customer success,2026-09-22,New,model-827401d81ec6,playbook-1.0,2026-09-19T22:28:21.978322+00:00,
13,3338-CVVEH,0.7168551058260499,High,Billing support,Electronic-check payment and monthly charges of at least 80; offer a bill walkthrough without implying a payment problem.,1,Billing care,2026-09-22,New,model-827401d81ec6,playbook-1.0,2026-09-19T22:28:21.978322+00:00,
14,2077-MPJQO,0.6999322730817177,High,Product education,Internet subscriber without the technical-support add-on; explain available self-service help without implying a service incident.,1,Customer success,2026-09-22,New,model-827401d81ec6,playbook-1.0,2026-09-19T22:28:21.978322+00:00,
15,9334-GWGOW,0.6979789413072913,High,Product education,Internet subscriber without the technical-support add-on; explain available self-service help without implying a service incident.,1,Customer success,2026-09-22,New,model-827401d81ec6,playbook-1.0,2026-09-19T22:28:21.978322+00:00,
16,8541-QVFKM,0.6961356957714636,High,Product education,Internet subscriber without the technical-support add-on; explain available self-service help without implying a service incident.,1,Customer success,2026-09-22,New,model-827401d81ec6,playbook-1.0,2026-09-19T22:28:21.978322+00:00,
17,1628-BIZYP,0.6942716827827548,High,Onboarding assistance,Early-tenure customer; offer setup guidance and check service fit.,1,Customer success,2026-09-22,New,model-827401d81ec6,playbook-1.0,2026-09-19T22:28:21.978322+00:00,
18,3030-YDNRM,0.6921706834851266,High,Product education,Internet subscriber without the technical-support add-on; explain available self-service help without implying a service incident.,1,Customer success,2026-09-22,New,model-827401d81ec6,playbook-1.0,2026-09-19T22:28:21.978322+00:00,
19,3199-XGZCY,0.6920853289967983,High,Product education,Internet subscriber without the technical-support add-on; explain available self-service help without implying a service incident.,1,Customer success,2026-09-22,New,model-827401d81ec6,playbook-1.0,2026-09-19T22:28:21.978322+00:00,
20,7354-OIJLX,0.6888188068320128,High,Product education,Internet subscriber without the technical-support add-on; explain available self-service help without implying a service incident.,1,Customer success,2026-09-22,New,model-827401d81ec6,playbook-1.0,2026-09-19T22:28:21.978322+00:00,
21,4445-ZJNMU,0.6861800900541898,High,Product education,Internet subscriber without the technical-support add-on; explain available self-service help without implying a service incident.,1,Customer success,2026-09-22,New,model-827401d81ec6,playbook-1.0,2026-09-19T22:28:21.978322+00:00,
22,5542-TBBWB,0.6814334528921858,High,Onboarding assistance,Early-tenure customer; offer setup guidance and check service fit.,1,Customer success,2026-09-22,New,model-827401d81ec6,playbook-1.0,2026-09-19T22:28:21.978322+00:00,
23,1379-FRVEB,0.6812081669772847,High,Billing support,Electronic-check payment and monthly charges of at least 80; offer a bill walkthrough without implying a payment problem.,1,Billing care,2026-09-22,New,model-827401d81ec6,playbook-1.0,2026-09-19T22:28:21.978322+00:00,
24,7363-QTBIW,0.6801826425258838,High,Product education,Internet subscriber without the technical-support add-on; explain available self-service help without implying a service incident.,1,Customer success,2026-09-22,New,model-827401d81ec6,playbook-1.0,2026-09-19T22:28:21.978322+00:00,
25,8775-ERLNB,0.6765603727864207,High,Onboarding assistance,Early-tenure customer; offer setup guidance and check service fit.,1,Customer success,2026-09-22,New,model-827401d81ec6,playbook-1.0,2026-09-19T22:28:21.978322+00:00,
26,9717-QEBGU,0.6744753076705449,High,Onboarding assistance,Early-tenure customer; offer setup guidance and check service fit.,1,Customer success,2026-09-22,New,model-827401d81ec6,playbook-1.0,2026-09-19T22:28:21.978322+00:00,
27,3292-PBZEJ,0.6706280316190872,High,Billing support,Electronic-check payment and monthly charges of at least 80; offer a bill walkthrough without implying a payment problem.,1,Billing care,2026-09-22,New,model-827401d81ec6,playbook-1.0,2026-09-19T22:28:21.978322+00:00,
28,6856-RAURS,0.6685084615519233,High,Onboarding assistance,Early-tenure customer; offer setup guidance and check service fit.,1,Customer success,2026-09-22,New,model-827401d81ec6,playbook-1.0,2026-09-19T22:28:21.978322+00:00,
29,6077-BDPXA,0.6666128390762335,High,Onboarding assistance,Early-tenure customer; offer setup guidance and check service fit.,1,Customer success,2026-09-22,New,model-827401d81ec6,playbook-1.0,2026-09-19T22:28:21.978322+00:00,
30,5628-FCGYG,0.6631771384587893,High,Billing support,Electronic-check payment and monthly charges of at least 80; offer a bill walkthrough without implying a payment problem.,1,Billing care,2026-09-22,New,model-827401d81ec6,playbook-1.0,2026-09-19T22:28:21.978322+00:00,
31,7928-VJYAB,0.6617193038850431,High,Billing support,Electronic-check payment and monthly charges of at least 80; offer a bill walkthrough without implying a payment problem.,1,Billing care,2026-09-22,New,model-827401d81ec6,playbook-1.0,2026-09-19T22:28:21.978322+00:00,
32,6507-ZJSUR,0.6562549792977901,High,Billing support,Electronic-check payment and monthly charges of at least 80; offer a bill walkthrough without implying a payment problem.,1,Billing care,2026-09-22,New,model-827401d81ec6,playbook-1.0,2026-09-19T22:28:21.978322+00:00,
33,9054-FOWNV,0.655147254861327,High,Billing support,Electronic-check payment and monthly charges of at least 80; offer a bill walkthrough without implying a payment problem.,1,Billing care,2026-09-22,New,model-827401d81ec6,playbook-1.0,2026-09-19T22:28:21.978322+00:00,
34,6137-NICCO,0.6537499251708696,High,Onboarding assistance,Early-tenure customer; offer setup guidance and check service fit.,1,Customer success,2026-09-22,New,model-827401d81ec6,playbook-1.0,2026-09-19T22:28:21.978322+00:00,
35,2754-SDJRD,0.6519703926342494,High,Plan-fit review,Review the current subscription against the customer's stated needs; do not infer those needs from the score.,1,Retention specialist,2026-09-22,New,model-827401d81ec6,playbook-1.0,2026-09-19T22:28:21.978322+00:00,
36,2254-DLXRI,0.6419604766651731,Medium,Onboarding assistance,Early-tenure customer; offer setup guidance and check service fit.,2,Customer success,2026-09-22,New,model-827401d81ec6,playbook-1.0,2026-09-19T22:28:21.978322+00:00,
37,9279-CJEOJ,0.6405181385493662,Medium,Product education,Internet subscriber without the technical-support add-on; explain available self-service help without implying a service incident.,2,Customer success,2026-09-22,New,model-827401d81ec6,playbook-1.0,2026-09-19T22:28:21.978322+00:00,
38,8873-GLDMH,0.6400637324823405,Medium,Onboarding assistance,Early-tenure customer; offer setup guidance and check service fit.,2,Customer success,2026-09-22,New,model-827401d81ec6,playbook-1.0,2026-09-19T22:28:21.978322+00:00,
39,0432-CAJZV,0.6399874817843464,Medium,Onboarding assistance,Early-tenure customer; offer setup guidance and check service fit.,2,Customer success,2026-09-22,New,model-827401d81ec6,playbook-1.0,2026-09-19T22:28:21.978322+00:00,
40,4301-VVZKA,0.6387842858283096,Medium,Product education,Internet subscriber without the technical-support add-on; explain available self-service help without implying a service incident.,2,Customer success,2026-09-22,New,model-827401d81ec6,playbook-1.0,2026-09-19T22:28:21.978322+00:00,
41,1077-HUUJM,0.6372627231670818,Medium,Product education,Internet subscriber without the technical-support add-on; explain available self-service help without implying a service incident.,2,Customer success,2026-09-22,New,model-827401d81ec6,playbook-1.0,2026-09-19T22:28:21.978322+00:00,
42,8709-KRDVL,0.6370158574377299,Medium,Billing support,Electronic-check payment and monthly charges of at least 80; offer a bill walkthrough without implying a payment problem.,2,Billing care,2026-09-22,New,model-827401d81ec6,playbook-1.0,2026-09-19T22:28:21.978322+00:00,
43,1016-DJTSV,0.6326413542807634,Medium,Product education,Internet subscriber without the technical-support add-on; explain available self-service help without implying a service incident.,2,Customer success,2026-09-22,New,model-827401d81ec6,playbook-1.0,2026-09-19T22:28:21.978322+00:00,
44,1475-VWVDO,0.6266055808327687,Medium,Product education,Internet subscriber without the technical-support add-on; explain available self-service help without implying a service incident.,2,Customer success,2026-09-22,New,model-827401d81ec6,playbook-1.0,2026-09-19T22:28:21.978322+00:00,
45,8266-VBFQL,0.6221896248102708,Medium,Onboarding assistance,Early-tenure customer; offer setup guidance and check service fit.,2,Customer success,2026-09-22,New,model-827401d81ec6,playbook-1.0,2026-09-19T22:28:21.978322+00:00,
46,5339-PXDVH,0.6209605744242362,Medium,Onboarding assistance,Early-tenure customer; offer setup guidance and check service fit.,2,Customer success,2026-09-22,New,model-827401d81ec6,playbook-1.0,2026-09-19T22:28:21.978322+00:00,
47,4686-UXDML,0.6125357034537041,Medium,Product education,Internet subscriber without the technical-support add-on; explain available self-service help without implying a service incident.,2,Customer success,2026-09-22,New,model-827401d81ec6,playbook-1.0,2026-09-19T22:28:21.978322+00:00,
48,2439-LYPMQ,0.6080236245068765,Medium,Billing support,Electronic-check payment and monthly charges of at least 80; offer a bill walkthrough without implying a payment problem.,2,Billing care,2026-09-22,New,model-827401d81ec6,playbook-1.0,2026-09-19T22:28:21.978322+00:00,
49,5442-BHQNG,0.6066378064762373,Medium,Onboarding assistance,Early-tenure customer; offer setup guidance and check service fit.,2,Customer success,2026-09-22,New,model-827401d81ec6,playbook-1.0,2026-09-19T22:28:21.978322+00:00,
50,7748-UMTRK,0.605450912564243,Medium,Billing support,Electronic-check payment and monthly charges of at least 80; offer a bill walkthrough without implying a payment problem.,2,Billing care,2026-09-22,New,model-827401d81ec6,playbook-1.0,2026-09-19T22:28:21.978322+00:00,
51,0258-NOKBL,0.6036830476634915,Medium,Onboarding assistance,Early-tenure customer; offer setup guidance and check service fit.,2,Customer success,2026-09-22,New,model-827401d81ec6,playbook-1.0,2026-09-19T22:28:21.978322+00:00,
52,2665-NPTGL,0.6005355338579935,Medium,Product education,Internet subscriber without the technical-support add-on; explain available self-service help without implying a service incident.,2,Customer success,2026-09-22,New,model-827401d81ec6,playbook-1.0,2026-09-19T22:28:21.978322+00:00,
53,4029-HPFVY,0.5995634463380429,Medium,Onboarding assistance,Early-tenure customer; offer setup guidance and check service fit.,2,Customer success,2026-09-22,New,model-827401d81ec6,playbook-1.0,2026-09-19T22:28:21.978322+00:00,
54,4983-CCWMC,0.5994321478471808,Medium,Onboarding assistance,Early-tenure customer; offer setup guidance and check service fit.,2,Customer success,2026-09-22,New,model-827401d81ec6,playbook-1.0,2026-09-19T22:28:21.978322+00:00,
55,8132-YPVBX,0.5960900168995039,Medium,Onboarding assistance,Early-tenure customer; offer setup guidance and check service fit.,2,Customer success,2026-09-22,New,model-827401d81ec6,playbook-1.0,2026-09-19T22:28:21.978322+00:00,
56,1302-UHBDD,0.5959650060828888,Medium,Billing support,Electronic-check payment and monthly charges of at least 80; offer a bill walkthrough without implying a payment problem.,2,Billing care,2026-09-22,New,model-827401d81ec6,playbook-1.0,2026-09-19T22:28:21.978322+00:00,
57,3365-SAIGS,0.594393675603695,Medium,Billing support,Electronic-check payment and monthly charges of at least 80; offer a bill walkthrough without implying a payment problem.,2,Billing care,2026-09-22,New,model-827401d81ec6,playbook-1.0,2026-09-19T22:28:21.978322+00:00,
58,4647-MUZON,0.5931932779679442,Medium,Product education,Internet subscriber without the technical-support add-on; explain available self-service help without implying a service incident.,2,Customer success,2026-09-22,New,model-827401d81ec6,playbook-1.0,2026-09-19T22:28:21.978322+00:00,
59,9779-DPNEJ,0.5920939519561532,Medium,Billing support,Electronic-check payment and monthly charges of at least 80; offer a bill walkthrough without implying a payment problem.,2,Billing care,2026-09-22,New,model-827401d81ec6,playbook-1.0,2026-09-19T22:28:21.978322+00:00,
60,0899-LIIBW,0.5910804010186069,Medium,Billing support,Electronic-check payment and monthly charges of at least 80; offer a bill walkthrough without implying a payment problem.,2,Billing care,2026-09-22,New,model-827401d81ec6,playbook-1.0,2026-09-19T22:28:21.978322+00:00,
61,9741-YLNTD,0.5901818835602896,Medium,Onboarding assistance,Early-tenure customer; offer setup guidance and check service fit.,2,Customer success,2026-09-22,New,model-827401d81ec6,playbook-1.0,2026-09-19T22:28:21.978322+00:00,
62,1751-NCDLI,0.583406776358286,Medium,Billing support,Electronic-check payment and monthly charges of at least 80; offer a bill walkthrough without implying a payment problem.,2,Billing care,2026-09-22,New,model-827401d81ec6,playbook-1.0,2026-09-19T22:28:21.978322+00:00,
63,6705-LXORM,0.5815095650096135,Medium,Onboarding assistance,Early-tenure customer; offer setup guidance and check service fit.,2,Customer success,2026-09-22,New,model-827401d81ec6,playbook-1.0,2026-09-19T22:28:21.978322+00:00,
64,2325-NBPZG,0.5734846698099569,Medium,Onboarding assistance,Early-tenure customer; offer setup guidance and check service fit.,2,Customer success,2026-09-22,New,model-827401d81ec6,playbook-1.0,2026-09-19T22:28:21.978322+00:00,
65,7018-WBJNK,0.5720410322876022,Medium,Product education,Internet subscriber without the technical-support add-on; explain available self-service help without implying a service incident.,2,Customer success,2026-09-22,New,model-827401d81ec6,playbook-1.0,2026-09-19T22:28:21.978322+00:00,
66,0749-IRGQE,0.5712589159732362,Medium,Product education,Internet subscriber without the technical-support add-on; explain available self-service help without implying a service incident.,2,Customer success,2026-09-22,New,model-827401d81ec6,playbook-1.0,2026-09-19T22:28:21.978322+00:00,
67,6175-IRFIT,0.5709332060656548,Medium,Onboarding assistance,Early-tenure customer; offer setup guidance and check service fit.,2,Customer success,2026-09-22,New,model-827401d81ec6,playbook-1.0,2026-09-19T22:28:21.978322+00:00,
68,0958-YHXGP,0.5690204740450969,Medium,Product education,Internet subscriber without the technical-support add-on; explain available self-service help without implying a service incident.,2,Customer success,2026-09-22,New,model-827401d81ec6,playbook-1.0,2026-09-19T22:28:21.978322+00:00,
69,2187-PKZAY,0.566810247820621,Medium,Product education,Internet subscriber without the technical-support add-on; explain available self-service help without implying a service incident.,2,Customer success,2026-09-22,New,model-827401d81ec6,playbook-1.0,2026-09-19T22:28:21.978322+00:00,
70,4581-LNWUM,0.5662930304649443,Medium,Product education,Internet subscriber without the technical-support add-on; explain available self-service help without implying a service incident.,2,Customer success,2026-09-22,New,model-827401d81ec6,playbook-1.0,2026-09-19T22:28:21.978322+00:00,
71,9167-APMXZ,0.5661041773807304,Medium,Product education,Internet subscriber without the technical-support add-on; explain available self-service help without implying a service incident.,2,Customer success,2026-09-22,New,model-827401d81ec6,playbook-1.0,2026-09-19T22:28:21.978322+00:00,
72,5144-TVGLP,0.5653491576384481,Medium,Billing support,Electronic-check payment and monthly charges of at least 80; offer a bill walkthrough without implying a payment problem.,2,Billing care,2026-09-22,New,model-827401d81ec6,playbook-1.0,2026-09-19T22:28:21.978322+00:00,
73,7952-OBOYL,0.5630393687869265,Medium,Onboarding assistance,Early-tenure customer; offer setup guidance and check service fit.,2,Customer success,2026-09-22,New,model-827401d81ec6,playbook-1.0,2026-09-19T22:28:21.978322+00:00,
74,8818-DOPVL,0.561845294142241,Medium,Billing support,Electronic-check payment and monthly charges of at least 80; offer a bill walkthrough without implying a payment problem.,2,Billing care,2026-09-22,New,model-827401d81ec6,playbook-1.0,2026-09-19T22:28:21.978322+00:00,
75,7278-CKDNC,0.5600976298971385,Medium,Billing support,Electronic-check payment and monthly charges of at least 80; offer a bill walkthrough without implying a payment problem.,2,Billing care,2026-09-22,New,model-827401d81ec6,playbook-1.0,2026-09-19T22:28:21.978322+00:00,
76,0581-BXBUB,0.5578968960755243,Medium,Onboarding assistance,Early-tenure customer; offer setup guidance and check service fit.,2,Customer success,2026-09-22,New,model-827401d81ec6,playbook-1.0,2026-09-19T22:28:21.978322+00:00,
77,1335-NTIUC,0.5577430783629561,Medium,Product education,Internet subscriber without the technical-support add-on; explain available self-service help without implying a service incident.,2,Customer success,2026-09-22,New,model-827401d81ec6,playbook-1.0,2026-09-19T22:28:21.978322+00:00,
78,0581-MDMPW,0.5546307871212348,Medium,Product education,Internet subscriber without the technical-support add-on; explain available self-service help without implying a service incident.,2,Customer success,2026-09-22,New,model-827401d81ec6,playbook-1.0,2026-09-19T22:28:21.978322+00:00,
79,8445-DNBAE,0.5531616550698644,Medium,Onboarding assistance,Early-tenure customer; offer setup guidance and check service fit.,2,Customer success,2026-09-22,New,model-827401d81ec6,playbook-1.0,2026-09-19T22:28:21.978322+00:00,
80,8160-HOWOX,0.5521825137060011,Medium,Product education,Internet subscriber without the technical-support add-on; explain available self-service help without implying a service incident.,2,Customer success,2026-09-22,New,model-827401d81ec6,playbook-1.0,2026-09-19T22:28:21.978322+00:00,
81,3312-UUMZW,0.5511614721145744,Medium,Product education,Internet subscriber without the technical-support add-on; explain available self-service help without implying a service incident.,2,Customer success,2026-09-22,New,model-827401d81ec6,playbook-1.0,2026-09-19T22:28:21.978322+00:00,
82,1658-TJVOA,0.5510235485553137,Medium,Onboarding assistance,Early-tenure customer; offer setup guidance and check service fit.,2,Customer success,2026-09-22,New,model-827401d81ec6,playbook-1.0,2026-09-19T22:28:21.978322+00:00,
83,9643-AVVWI,0.5507309825845664,Medium,Onboarding assistance,Early-tenure customer; offer setup guidance and check service fit.,2,Customer success,2026-09-22,New,model-827401d81ec6,playbook-1.0,2026-09-19T22:28:21.978322+00:00,
84,8378-LKJAF,0.5502986730444538,Medium,Product education,Internet subscriber without the technical-support add-on; explain available self-service help without implying a service incident.,2,Customer success,2026-09-22,New,model-827401d81ec6,playbook-1.0,2026-09-19T22:28:21.978322+00:00,
85,1452-KIOVK,0.5455873334159939,Medium,Product education,Internet subscriber without the technical-support add-on; explain available self-service help without implying a service incident.,2,Customer success,2026-09-22,New,model-827401d81ec6,playbook-1.0,2026-09-19T22:28:21.978322+00:00,
86,9638-JIQYA,0.541353997141038,Medium,Onboarding assistance,Early-tenure customer; offer setup guidance and check service fit.,2,Customer success,2026-09-22,New,model-827401d81ec6,playbook-1.0,2026-09-19T22:28:21.978322+00:00,
87,5501-TVMGM,0.5408663319086101,Medium,Onboarding assistance,Early-tenure customer; offer setup guidance and check service fit.,2,Customer success,2026-09-22,New,model-827401d81ec6,playbook-1.0,2026-09-19T22:28:21.978322+00:00,
88,5022-JNQEQ,0.540813969077344,Medium,Plan-fit review,Review the current subscription against the customer's stated needs; do not infer those needs from the score.,2,Retention specialist,2026-09-22,New,model-827401d81ec6,playbook-1.0,2026-09-19T22:28:21.978322+00:00,
89,2041-JIJCI,0.5407296066116587,Medium,Onboarding assistance,Early-tenure customer; offer setup guidance and check service fit.,2,Customer success,2026-09-22,New,model-827401d81ec6,playbook-1.0,2026-09-19T22:28:21.978322+00:00,
90,9572-WUKSB,0.5374021937799208,Medium,Onboarding assistance,Early-tenure customer; offer setup guidance and check service fit.,2,Customer success,2026-09-22,New,model-827401d81ec6,playbook-1.0,2026-09-19T22:28:21.978322+00:00,
91,2800-QQUSO,0.5373190996461725,Medium,Billing support,Electronic-check payment and monthly charges of at least 80; offer a bill walkthrough without implying a payment problem.,2,Billing care,2026-09-22,New,model-827401d81ec6,playbook-1.0,2026-09-19T22:28:21.978322+00:00,
92,2501-XWWTZ,0.5369764261377359,Medium,Product education,Internet subscriber without the technical-support add-on; explain available self-service help without implying a service incident.,2,Customer success,2026-09-22,New,model-827401d81ec6,playbook-1.0,2026-09-19T22:28:21.978322+00:00,
93,7855-DIWPO,0.5349465236013803,Medium,Product education,Internet subscriber without the technical-support add-on; explain available self-service help without implying a service incident.,2,Customer success,2026-09-22,New,model-827401d81ec6,playbook-1.0,2026-09-19T22:28:21.978322+00:00,
94,3717-OEAUQ,0.5334549063308507,Medium,Onboarding assistance,Early-tenure customer; offer setup guidance and check service fit.,2,Customer success,2026-09-22,New,model-827401d81ec6,playbook-1.0,2026-09-19T22:28:21.978322+00:00,
95,5226-NOZFC,0.5332668878034582,Medium,Billing support,Electronic-check payment and monthly charges of at least 80; offer a bill walkthrough without implying a payment problem.,2,Billing care,2026-09-22,New,model-827401d81ec6,playbook-1.0,2026-09-19T22:28:21.978322+00:00,
96,4947-DSMXK,0.532936962116266,Medium,Product education,Internet subscriber without the technical-support add-on; explain available self-service help without implying a service incident.,2,Customer success,2026-09-22,New,model-827401d81ec6,playbook-1.0,2026-09-19T22:28:21.978322+00:00,
97,0082-OQIQY,0.5328261444528731,Medium,Billing support,Electronic-check payment and monthly charges of at least 80; offer a bill walkthrough without implying a payment problem.,2,Billing care,2026-09-22,New,model-827401d81ec6,playbook-1.0,2026-09-19T22:28:21.978322+00:00,
98,8059-UDZFY,0.5326179548913171,Medium,Product education,Internet subscriber without the technical-support add-on; explain available self-service help without implying a service incident.,2,Customer success,2026-09-22,New,model-827401d81ec6,playbook-1.0,2026-09-19T22:28:21.978322+00:00,
99,8903-XEBGX,0.5320783307420774,Medium,Onboarding assistance,Early-tenure customer; offer setup guidance and check service fit.,2,Customer success,2026-09-22,New,model-827401d81ec6,playbook-1.0,2026-09-19T22:28:21.978322+00:00,
100,8778-LMWTJ,0.5296186932644255,Medium,Product education,Internet subscriber without the technical-support add-on; explain available self-service help without implying a service incident.,2,Customer success,2026-09-22,New,model-827401d81ec6,playbook-1.0,2026-09-19T22:28:21.978322+00:00,
